<?xml version="1.0" encoding="UTF-8" ?>
<!DOCTYPE mapper PUBLIC "-//mybatis.org//DTD Mapper 3.0//EN" "http://mybatis.org/dtd/mybatis-3-mapper.dtd" >
<mapper namespace="com.cb.xourseparty.dao.CourseStudentDao">

    <resultMap id="BaseResultMapCourseStudent" type="com.cb.xourseparty.entity.CourseStudent">
        <id column="courseStudentID" property="courseStudentID" jdbcType="VARCHAR"/>
        <result column="studentID" property="studentID" jdbcType="VARCHAR"/>
        <result column="courseID" property="courseID" jdbcType="VARCHAR"/>
        <result column="joinDate" property="joinDate" jdbcType="VARCHAR"/>
        <result column="BooleanisQuited" property="BooleanisQuited" jdbcType="TINYINT"/>
    </resultMap>

    <select id="getCourseStudentByIDS" resultMap="BaseResultMapCourseStudent">
        select * from coursestudent where (courseID = #{courseID} and studentID = #{account});
    </select>

    <update id="updateCourseStudentStatue" parameterType="com.cb.xourseparty.entity.CourseStudent">
        update coursestudent set
        courseStudentID=#{courseStudentID},
        studentID=#{studentID},
        courseID=#{courseID},
        joinDate=#{joinDate},
        isQuited=#{isQuited}
        where courseStudentID = #{courseStudentID}
    </update>

    <select id="getCourseStudentsByAccount" resultType="com.cb.xourseparty.entity.CourseStudent">
        select * from courseStudent where studentID = #{account}
    </select>
</mapper>