<?xml version="1.0" encoding="UTF-8" ?>
<!DOCTYPE mapper PUBLIC "-//mybatis.org//DTD Mapper 3.0//EN" "http://mybatis.org/dtd/mybatis-3-mapper.dtd" >
<mapper namespace="com.cb.xourseparty.dao.CourseDao">
    <select id="getAllStudentTasks" resultType="com.cb.xourseparty.entity.StudentTask">
            select * from studenttasks where courseID=#{courseID} and studentID=#{studentID}
    </select>

    <insert id="createNewCourse" parameterType="com.cb.xourseparty.entity.Course">
        insert into course (courseID, courseName, courseIntro, courseUniversity, courseFaculty, courseTerm, courseType, courseJoinCode, courseAdminID,courseAdminName,courseAdminImg) values (#{courseID},#{courseName},#{courseIntro},#{courseUniversity},#{courseFaculty},#{courseTerm},#{courseType},#{courseJoinCode},#{courseAdminID},#{courseAdminName},#{courseAdminImg});
    </insert>

    <select id="getCourseByID" resultType="com.cb.xourseparty.entity.Course">
            select * from course where courseID = #{courseID}
    </select>

    <!--    <select id="getCourseByCode" resultType="com.cb.xourseparty.entity.Course">-->
    <!--        select * from course where courseJoinCode = #{courseJoinCode}-->
    <!--    </select>-->

    <select id="getCourseByCode" resultType="com.cb.xourseparty.entity.Course">
        select * from course where courseJoinCode = #{courseJoinCode};
    </select>

    <select id="getCoursesStudents" resultType="com.cb.xourseparty.entity.Student">
            select * from student where account in (select studentID from coursestudent where courseID=#{courseID} and isquited = 0)
    </select>

    <select id="getClasssTeachers" resultType="com.cb.xourseparty.entity.ClasssTeacher">
        select * from classsteacher where courseID=#{courseID} and isquited = 0
    </select>
    <select id="getCoursesTeachers" resultType="com.cb.xourseparty.entity.Teacher">
        select * from teacher where account in(select teacherID from classsTeacher where courseID=#{courseID} and isquited = 0 )
    </select>

    <update id="updateCourseInfo" parameterType="com.cb.xourseparty.entity.Course" >
        update course set
        courseID  =#{courseID},
        courseName=#{courseName},
        courseIntro=#{courseIntro},
        courseUniversity=#{courseUniversity},
        courseFaculty=#{courseFaculty},
        courseTerm=#{courseTerm},
        courseType=#{courseType},
        courseJoinCode=#{courseJoinCode},
        courseAdminID=#{courseAdminID},
        courseAdminName=#{courseAdminName},
        courseAdminImg=#{courseAdminImg}
        where courseID = #{courseID}
    </update>


</mapper>
