<?xml version="1.0" encoding="UTF-8" ?>
<!DOCTYPE mapper PUBLIC "-//mybatis.org//DTD Mapper 3.0//EN" "http://mybatis.org/dtd/mybatis-3-mapper.dtd" >
<mapper namespace="com.cb.xourseparty.dao.NoticeDao">

    <select id="getNoticesByStudentID" resultType="com.cb.xourseparty.entity.Notice">
        select * from notice where studentID = #{studentID}
    </select>

    <select id="getNoticeByNoticeID" resultType="com.cb.xourseparty.entity.Notice">
        select * from notice where noticeID = #{noticeID}
    </select>

    <update id="checkNotice" parameterType="com.cb.xourseparty.entity.Notice">
        update notice set isNoticeChecked = 1 where noticeID= #{noticeID};
    </update>

    <insert id="createNotice" parameterType="com.cb.xourseparty.entity.Notice">
        insert into notice values (#{noticeID},#{noticeName},#{noticeType},#{noticeContent},#{taskID},#{taskName},#{courseID},#{courseName},#{studentID},#{isNoticeChecked},#{noticeCreateDate});
    </insert>
</mapper>