<?xml version="1.0" encoding="UTF-8" ?>
<!DOCTYPE mapper PUBLIC "-//mybatis.org//DTD Mapper 3.0//EN" "http://mybatis.org/dtd/mybatis-3-mapper.dtd" >
<mapper namespace="com.cb.xourseparty.dao.ResourceDao">
    <select id="getAllResources" resultType="com.cb.xourseparty.entity.Resource">
        select * from resource where courseID = #{courseID};
    </select>

    <update id="updateResource" parameterType="com.cb.xourseparty.entity.Resource">
        update resource set
        resourceID=#{resourceID},
        courseID=#{courseID},
        resourceName=#{resourceName},
        resourceAuthor=#{resourceAuthor},
        resourceCreateDate=#{resourceCreateDate},
        resourceIntro=#{resourceIntro},
        resourceFile=#{resourceFile},
        resourceDownloadTimes=#{resourceDownloadTimes}
        where resourceID =#{resourceID}
    </update>

    <insert id="createNewResource" parameterType="com.cb.xourseparty.entity.Resource">
        insert into resource values (
        #{resourceID},
        #{courseID},
        #{resourceName},
        #{resourceAuthor},
        #{resourceCreateDate},
        #{resourceIntro},
        #{resourceFile},
        #{resourceDownloadTimes})
    </insert>

    <select id="getResourceByID" resultType="com.cb.xourseparty.entity.Resource">
        select * from resource where resourceID = #{resourceID};
    </select>

</mapper>