<?xml version="1.0" encoding="UTF-8" ?>
<!DOCTYPE mapper PUBLIC "-//mybatis.org//DTD Mapper 3.0//EN" "http://mybatis.org/dtd/mybatis-3-mapper.dtd" >
<mapper namespace="com.cb.xourseparty.dao.StudentDao">
<!--    <resultMap id="BaseResultMapStudent" type="com.cb.xourseparty.entity.Student">-->
<!--        <id column="account" property="account" jdbcType="VARCHAR"/>-->
<!--        <result column="personID" property="personID" jdbcType="VARCHAR"/>-->
<!--        <result column="name" property="name" jdbcType="VARCHAR"/>-->
<!--        <result column="gender" property="gender" jdbcType="VARCHAR"/>-->
<!--        <result column="university" property="university" jdbcType="VARCHAR"/>-->
<!--        <result column="executeClassID" property="executeClassID" jdbcType="VARCHAR"/>-->
<!--        <result column="role" property="role" jdbcType="VARCHAR"/>-->
<!--        <result column="password" property="password" jdbcType="VARCHAR"/>-->
<!--        <result column="img" property="img" jdbcType="VARCHAR"/>-->
<!--    </resultMap>-->

<!--    <sql id="studentCollumList">-->
<!--        account,personID,name,gender,univesity,executeClassID,role,password,img-->
<!--    </sql>-->

    <insert id="createAccountS" parameterType="com.cb.xourseparty.entity.Student">
        insert into student values (#{account},#{personID},#{name},#{gender},#{university},#{executeClassID},#{role},#{password},#{img});
    </insert>

    <select id="loginCallS" resultType="com.cb.xourseparty.entity.Student" >
        select * from student where account=#{account} and password=#{password};
    </select>

    <select id="getAllJoinedCourses" resultType="com.cb.xourseparty.entity.Course">
        select * from course where courseID in (select courseID from coursestudent where( studentID = #{studentID} and isquited = 0))
    </select>

    <insert id="studentJoinCourse" parameterType="com.cb.xourseparty.entity.CourseStudent">
        insert into coursestudent value (#{courseStudentID},#{studentID},#{courseID},#{joinDate},#{isQuited})
    </insert>

    <update id="quitCourse" parameterType="com.cb.xourseparty.entity.CourseStudent">
        update coursestudent set isQuited=#{isQuited} where (courseID = #{courseID} and studentID = #{studentID})
    </update>

<!--    <select id="getAllNotices" resultType="com.cb.xourseparty.entity.Notice">-->
<!--        select * from notice where studentID=#{studentID}-->
<!--    </select>-->



<!--    <update id="checkNotice" parameterType="com.cb.xourseparty.entity.Notice">-->
<!--        update notice set-->
<!--        noticeName=#{noticeName},-->
<!--        noticeType = #{noticeType},-->
<!--        noticeContent = #{noticeContent},-->
<!--        taskID = #{taskID},-->
<!--        taskName = #{taskName},-->
<!--        courseID = #{courseID},-->
<!--        courseName = #{courseName},-->
<!--        studentID = #{studentID},-->
<!--        isChecked=#{isChecked}-->
<!--        where noticeID = #{noticeID}-->
<!--    </update>-->

    <update id="updateMyInfo" parameterType="com.cb.xourseparty.entity.Student">
        update student set
        personID = #{personID},
        name = #{name},
        gender = #{gender},
        university = #{university},
        executeClassID = #{executeClassID},
        role = #{role},
        password = #{password},
        img = #{img}
        where account = #{account};
    </update>

    <select id="getMyInfo" resultType="com.cb.xourseparty.entity.Student">
        select * from student where account = #{studentID}
    </select>
</mapper>
