<?xml version="1.0" encoding="UTF-8" ?>
<!DOCTYPE mapper PUBLIC "-//mybatis.org//DTD Mapper 3.0//EN" "http://mybatis.org/dtd/mybatis-3-mapper.dtd" >
<mapper namespace="com.cb.xourseparty.dao.StudentTaskDao">

    <select id="getStudentTasksByStudentID" resultType="com.cb.xourseparty.entity.StudentTask">
        select * from studenttask where studentID = #{studentID}
    </select>
    <select id="getCertainStudentsStudentTasksByCourseID" resultType="com.cb.xourseparty.entity.StudentTask">
        select * from studenttask where courseID = #{courseID} and studentID = #{studentID};
    </select>

    <update id="updateStudentTask" parameterType="com.cb.xourseparty.entity.StudentTask">
                update studenttask
                set
                studentTaskName =#{studentTaskName},
                studentTaskFile =#{studentTaskFile},
                studentTaskFileSize =#{studentTaskFileSize},
                studentTaskFileType =#{studentTaskFileType},
                studentTaskUpdateTime =#{studentTaskUpdateTime},
                studentTaskIsChecked =#{studentTaskIsChecked},
                studentID =#{studentID},
                studentPersonID =#{studentPersonID},
                studentName =#{studentName},
                taskID =#{taskID},
                taskName =#{taskName},
                taskTotalGrade =#{taskTotalGrade},
                courseID =#{courseID},
                courseName =#{courseName},
                studentTaskIsSentBack =#{studentTaskIsSentBack},
                studentTaskGrade =#{studentTaskGrade},
                teacherComment =#{teacherComment},
                markerTeacherID =#{markerTeacherID},
                markerTeacherName =#{markerTeacherName}
                where studentTaskID = #{studentTaskID}
    </update>
    <select id="getStudentTaskByID" resultType="com.cb.xourseparty.entity.StudentTask">
        select * from studenttask where studentTaskID = #{studentTaskID};
    </select>
    <insert id="createNewStudentTask" parameterType="com.cb.xourseparty.entity.StudentTask">
        insert into studentTask  values (
        #{studentTaskID},
        #{studentTaskName},
        #{studentTaskFile},
        #{studentTaskFileSize},
        #{studentTaskFileType},
        #{studentTaskUpdateTime},
        #{studentTaskIsChecked},
        #{studentID},
        #{studentPersonID},
        #{studentName},
        #{taskID},
        #{taskName},
        #{taskTotalGrade},
        #{courseID},
        #{courseName},
        #{studentTaskIsSentBack},
        #{studentTaskGrade},
        #{teacherComment},
        #{markerTeacherID},
        #{markerTeacherName})
    </insert>

    <select id="getSTsByCourseIDTaskID" resultType="com.cb.xourseparty.entity.StudentTask">
        select * from studenttask where courseID=#{courseID} and taskID = #{taskID};
    </select>

    <!--    <select id="getAllMyStudentTasks" resultType="com.cb.xourseparty.entity.StudentTask">-->
    <!--        select * from studenttask where studentID = #{studentID}-->
    <!--    </select>-->

    <!--    <update id="updateMyTask" parameterType="com.cb.xourseparty.entity.StudentTask">-->
    <!--        update studenttask-->
    <!--        set-->
    <!--        studentTaskName =#{studentTaskName},-->
    <!--        studentTaskFile =#{studentTaskFile},-->
    <!--        studentTaskFileSize =#{studentTaskFileSize},-->
    <!--        studentTaskFileType =#{studentTaskFileType},-->
    <!--        studentTaskUpdateTime =#{studentTaskUpdateTime},-->
    <!--        studentTaskIsChecked =#{studentTaskIsChecked},-->
    <!--        studentID =#{studentID},-->
    <!--        taskID =#{taskID},-->
    <!--        courseID =#{courseID},-->
    <!--        studentTaskIsSentBack =#{studentTaskIsSentBack},-->
    <!--        studentTaskGrade =#{studentTaskGrade},-->
    <!--        teacherComment =#{teacherComment},-->
    <!--        markerTeacherID =#{markerTeacherID}-->
    <!--        where studentTaskID = #{studentTaskID}-->
    <!--    </update>-->

    <!--    <update id="updateStudentTask" parameterType="com.cb.xourseparty.entity.StudentTask">-->
    <!--        update studenttask set-->
    <!--         studentTaskName =#{studentTaskName},-->
    <!--        studentTaskFile =#{studentTaskFile},-->
    <!--        studentTaskFileSize =#{studentTaskFileSize},-->
    <!--        studentTaskFileType =#{studentTaskFileType},-->
    <!--        studentTaskUpdateTime =#{studentTaskUpdateTime},-->
    <!--        studentTaskIsChecked =#{studentTaskIsChecked},-->
    <!--        studentID =#{studentID},-->
    <!--        taskID =#{taskID},-->
    <!--        courseID =#{courseID},-->
    <!--        studentTaskIsSentBack =#{studentTaskIsSentBack},-->
    <!--        studentTaskGrade =#{studentTaskGrade},-->
    <!--        teacherComment =#{teacherComment},-->
    <!--        markerTeacherID =#{markerTeacherID}-->
    <!--        where studentTaskID = #{studentTaskID};-->
    <!--    </update>-->
</mapper>