<?xml version="1.0" encoding="UTF-8" ?>
<!DOCTYPE mapper PUBLIC "-//mybatis.org//DTD Mapper 3.0//EN" "http://mybatis.org/dtd/mybatis-3-mapper.dtd" >
<mapper namespace="com.cb.xourseparty.dao.TaskDao">
    <select id="getAllTasks" resultType="com.cb.xourseparty.entity.Task">
        select * from task where courseID = #{courseID};
    </select>
    <select id="getTaskByTaskID" resultType="com.cb.xourseparty.entity.Task">
        select * from task where taskID=#{taskID};
    </select>

    <update id="updateTaskInfo" parameterType="com.cb.xourseparty.entity.Task">
                update task set
                 taskID = #{taskID},
                 courseID = #{courseID},
                 taskName = #{taskName},
                 taskIntro = #{taskIntro},
                 taskType = #{taskType},
                 taskCreateDate = #{taskCreateDate},
                 taskDeadLine = #{taskDeadLine},
                 taskNumberShouldSubmit = #{taskNumberShouldSubmit},
                 taskNumberHaveSubmit = #{taskNumberHaveSubmit},
                 taskNumberNotYetSubmit = #{taskNumberNotYetSubmit},
                 taskNumberHaveChecked = #{taskNumberHaveChecked},
                 taskNumberNotYetChecked = #{taskNumberNotYetChecked},
                 taskFile = #{taskFile},
                 taskTotalScore = #{taskTotalScore}
                  where taskID = #{taskID};
    </update>

    <insert id="createNewTask" parameterType="com.cb.xourseparty.entity.Task">
                insert into task values ( #{taskID},
                  #{courseID},
                  #{taskName},
                 #{taskIntro},
                 #{taskType},
                 #{taskCreateDate},
                  #{taskDeadLine},
                  #{taskNumberShouldSubmit},
                 #{taskNumberHaveSubmit},
                 #{taskNumberNotYetSubmit},
                  #{taskNumberHaveChecked},
                  #{taskNumberNotYetChecked},
                 #{taskFile},
                  #{taskTotalScore})
    </insert>

    <!--    <insert id="createNewTask" parameterType="com.cb.xourseparty.entity.Task">-->
    <!--        insert into task  values ( #{taskID},-->
    <!--          #{courseID},-->
    <!--          #{taskName},-->
    <!--         #{taskIntro},-->
    <!--         #{taskType},-->
    <!--         #{taskCreateDate},-->
    <!--          #{taskDeadLine},-->
    <!--          #{taskNumberShouldSubmit},-->
    <!--         #{taskNumberHaveSubmit},-->
    <!--         #{taskNumberNotYetSubmit},-->
    <!--          #{taskNumberHaveChecked},-->
    <!--          #{taskNumberNotYetChecked},-->
    <!--         #{taskFile},-->
    <!--          #{taskTotalScore},-->
    <!--          where taskID = #{taskID});-->
    <!--    </insert>-->

    <!--    <update id="updateTaskInfo" parameterType="com.cb.xourseparty.entity.Task">-->
    <!--        update task set-->
    <!--         taskID = #{taskID},-->
    <!--         courseID = #{courseID},-->
    <!--         taskName = #{taskName},-->
    <!--         taskIntro = #{taskIntro},-->
    <!--         taskType = #{taskType},-->
    <!--         taskCreateDate = #{taskCreateDate},-->
    <!--         taskDeadLine = #{taskDeadLine},-->
    <!--         taskNumberShouldSubmit = #{taskNumberShouldSubmit},-->
    <!--         taskNumberHaveSubmit = #{taskNumberHaveSubmit},-->
    <!--         taskNumberNotYetSubmit = #{taskNumberNotYetSubmit},-->
    <!--         taskNumberHaveChecked = #{taskNumberHaveChecked},-->
    <!--         taskNumberNotYetChecked = #{taskNumberNotYetChecked},-->
    <!--         taskFile = #{taskFile},-->
    <!--         taskTotalScore = #{taskTotalScore},-->
    <!--          where taskID = #{taskID};-->
    <!--    </update>-->
</mapper>