<?xml version="1.0" encoding="UTF-8" ?>
<!DOCTYPE mapper PUBLIC "-//mybatis.org//DTD Mapper 3.0//EN" "http://mybatis.org/dtd/mybatis-3-mapper.dtd" >
<mapper namespace="com.cb.xourseparty.dao.TeacherDao">

    <insert id="createAccountT" parameterType="com.cb.xourseparty.entity.Teacher">
        insert into teacher values (#{account},#{personID},#{name},#{gender},#{university},#{faculty},#{role},#{password},#{img});
    </insert>

    <select id="loginCallT" resultType="com.cb.xourseparty.entity.Teacher" >
        select * from teacher where account=#{account} and password=#{password};
    </select>

    <select id="getTeacherJoinedCoursesByTeacherID" resultType="com.cb.xourseparty.entity.Course">
        select * from course where courseID in (select courseID from classsteacher where teacherID =#{teacherID} and isquited = 0)
    </select>

    <insert id="teacherJoinCourse" parameterType="com.cb.xourseparty.entity.ClasssTeacher">
        insert into classsteacher
        (classsTeacherID,classsID,teacherID,classsRole,courseID,isQuited,joinDate)
        values
        (#{classsTeacherID},#{classsID},#{teacherID},#{classsRole},#{courseID},#{isQuited},#{joinDate});
    </insert>

    <!--    <insert id="createNewCourse" parameterType="com.cb.xourseparty.entity.Course">-->
    <!--        insert into course-->
    <!--        values-->
    <!--        (#{courseID},#{courseName},#{courseIntro},#{courseUniversity},#{courseFaculty},#{courseTerm},#{courseType},#{courseJoinCode},#{courseAdminID});-->
    <!--    </insert>-->

    <!--    <update id="updateCourseInfo" parameterType="com.cb.xourseparty.entity.Course">-->
    <!--        update course set-->
    <!--        courseID = #{courseID},-->
    <!--        courseName =#{courseName},-->
    <!--        courseIntro=#{courseIntro},-->
    <!--        courseUniversity=#{courseUniversity},-->
    <!--        courseFaculty=#{courseFaculty},-->
    <!--        courseTerm=#{courseTerm},-->
    <!--        courseType=#{courseType},-->
    <!--        courseJoinCode=#{courseJoinCode},-->
    <!--        courseAdminID=#{courseAdminID}-->
    <!--        where courseID = #{courseID};-->
    <!--    </update>-->

    <update id="quitCourse" parameterType="com.cb.xourseparty.entity.ClasssTeacher">
        update classsteacher set
         classsTeacherID =#{classsTeacherID},
         classsID=#{classsID},
          teacherID=#{teacherID},
          classsRole=#{classsRole},
          courseID=#{courseID},
          joinDate=#{joinDate},
          isQuited=#{isQuited}
          where classsTeacherID = #{classsTeacherID};
    </update>


    <update id="updateMyInfo" parameterType="com.cb.xourseparty.entity.Teacher">
        update teacher set
        account = #{account},
        personID = #{personID},
        name = #{name},
        gender = #{gender},
        university = #{university},
        faculty = #{faculty},
        role = #{role},
        password = #{password},
        img = #{img}
          where account =  #{account} ;
    </update>

    <!--    <insert id="createNewResource" parameterType="com.cb.xourseparty.entity.Resource">-->
    <!--        insert into resource  values-->
    <!--        (#{resourceID},-->
    <!--        #{courseID},-->
    <!--        #{resourceName},-->
    <!--        #{resourceAuthor},-->
    <!--        #{resourceCreateDate},-->
    <!--        #{resourceIntro},-->
    <!--        #{resourceFile},-->
    <!--        #{resourceDownloadTimes});-->
    <!--    </insert>-->

    <!--    <update id="updateResource" parameterType="com.cb.xourseparty.entity.Resource">-->
    <!--        update resource set-->
    <!--        resourceID = #{resourceID},-->
    <!--        courseID=#{courseID},-->
    <!--        resourceName=#{resourceName},-->
    <!--        resourceAuthor=#{resourceAuthor},-->
    <!--        resourceCreateDate=#{resourceCreateDate},-->
    <!--        resourceIntro=#{resourceIntro},-->
    <!--        resourceFile=#{resourceFile},-->
    <!--        resourceDownloadTimes =#{resourceDownloadTimes},-->
    <!--        where resourceID=#{resourceID} ;-->
    <!--    </update>-->

    <select id="getMyInfo" resultType="com.cb.xourseparty.entity.Teacher">
        select * from teacher where account = #{teacherID}
    </select>

    <select id="getTeacherByID" resultType="com.cb.xourseparty.entity.Teacher">
        select * from teacher where account = #{teacherID}
    </select>

</mapper>

